nop lal 12/7/2023,401607493
phx lal 12/5/2023,401607490
hou lal 12/2/2023,401584919
lal det 11/29/2023,401584886
lal phi 11/27/2023,401584883
lal cle 11/25/2023,401584870
dal lal 11/22/2023,401584866
hou lal 11/19/2023,401584844
lal por 11/17/2023,401584124
sac lal 11/15/2023,401584826
mem lal 11/14/2023,401584114
lal phx 11/10/2023,401584103
lal hou 11/8/2023,401584791
lal mia 11/6/2023,401584778
lal orl 11/4/2023,401584762
lac lal 11/1/2023,401584755
orl lal 10/30/2023,401584739
lal sac 10/29/2023,401584728
phx lal 10/26/2023,401584704
lal den 10/24/2023,401584689
bkn mia 11/1/2023,401584747
hou den 12/8/2023,401616478
den lac 12/6/2023,401616469
den sac 12/2/2023,401584918
den phx 12/1/2023,401584907
hou den 11/29/2023,401584891
den lac 11/27/2023,401584885
sas den 11/26/2023,401584880
den hou 11/24/2023,401584136
den orl 11/22/2023,401584854
den det 11/20/2023,401584846
den cle 11/19/2023,401584838
den nop 11/17/2023,401584122
lac den 11/14/2023,401584112
den hou 11/12/2023,401584810
gsw den 11/8/2023,401584797
nop den 11/6/2023,401584784
chi den 11/4/2023,401584767
dal den 11/3/2023,401584094
den min 11/1/2023,401584751
den mem 10/27/2023,401584706
ind mia 11/30/2023,401584895
mia nyk 11/24/2023,401584133
bkn mia 11/16/2023,401584828
mia bkn 11/25/2023,401584868
mia tor 12/6/2023,401616461
ind mia 12/2/2023,401584912
por cle 11/30/2023,401584893
tor cle 11/26/2023,401584879
cle por 11/15/2023,401584827
cle ind 11/3/2023,401584089
nyk cle 10/31/2023,401584740
ind cle 10/28/2023,401584719
cle bkn 10/25/2023,401584695
nyk bos 12/8/2023,401617579
bos ind 12/4/2023,401607491
bos tor 11/17/2023,401584119
nyk bos 11/13/2023,401584816
tor bos 11/11/2023,401584802
bkn bos 11/10/2023,401584098
bos bkn 11/4/2023,401584764
ind bos 11/1/2023,401584746
bos nyk 10/25/2023,401584693
cle nyk 11/1/2023,401584748
phx lal 10/19/2023,401591931
mil lal 10/15/2023,401591909
gsw lal 10/13/2023,401591902
sac lal 10/11/2023,401591892
bkn lal 10/9/2023,401591880
lal gsw 10/7/2023,401591871
por lal 11/12/2023,401584815
dal por 12/8/2023,401616480
uta dal 12/6/2023,401616467
dal lac 11/25/2023,401584872
dal nop 11/14/2023,401584110
dal nop 11/12/2023,401584811
lac dal 11/10/2023,401584102
bkn dal 10/27/2023,401584712
tor dal 11/8/2023,401584796
den atl 12/11/2023,401584924
nop chi 12/2/2023,401584913
chi bkn 11/26/2023,401584878
chi tor 11/24/2023,401584134
uta chi 11/6/2023,401584780
bkn chi 11/3/2023,401584092
chi ind 10/30/2023,401584730
tor chi 10/27/2023,401584710
por gsw 12/6/2023,401616468
gsw lac 12/2/2023,401584908
lac gsw 11/30/2023,401584901
gsw nop 10/30/2023,401584736
por phx 11/21/2023,401584129
phx uta 11/19/2023,401584842
phx uta 11/17/2023,401584123
por lac 12/11/2023,401584932
lac uta 12/8/2023,401616479
lac sac 11/29/2023,401584892
nop lac 11/24/2023,401584140
lac sas 11/22/2023,401584863
lac sas 11/20/2023,401584851
hou lac 11/17/2023,401584125
mem lac 11/12/2023,401584807
lac bkn 11/8/2023,401584788
lac nyk 11/6/2023,401584779
phi nop 11/29/2023,401584890
phi bkn 11/19/2023,401584836
tor phi 11/2/2023,401584756
por phi 10/29/2023,401584726
ind phi 11/12/2023,401584808
lac uta 10/27/2023,401584713
por lac 10/25/2023,401584702
ind phi 11/14/2023,401584107
phi tor 10/28/2023,401584720
phi mil 10/26/2023,401584703
uta mem 11/29/2023,401584889
uta mem 11/10/2023,401584100
mem por 11/5/2023,401584772
mem por 11/3/2023,401584095
mem uta 11/1/2023,401584753
nop mem 10/25/2023,401584699
den chi 12/12/2023,401584935
min nop 12/11/2023,401584929
uta min 11/30/2023,401584898
nyk min 11/20/2023,401584849
min nop 11/18/2023,401584831
nop min 11/8/2023,401584794
uta min 11/4/2023,401584766
min tor 10/25/2023,401584697
nop wsh 12/13/2023,401584939
nop sac 12/4/2023,401607492
nop uta 11/27/2023,401584884
sac nop 11/22/2023,401584861
sac nop 11/20/2023,401584850
nop hou 11/10/2023,401584099
atl nop 11/4/2023,401584763
det nop 11/2/2023,401584757
nyk nop 10/28/2023,401584718
nop orl 10/17/2023,401591918
nop atl 10/14/2023,401591903
hou nop 10/12/2023,401591899
orl nop 10/10/2023,401591887
cha nyk 11/12/2023,401584805
nyk cha 11/18/2023,401584830
cha ind 11/4/2023,401584761
bkn cha 10/30/2023,401584729
cha nyk 11/28/2023,401584145
tor cha 12/8/2023,401616470
cha bkn 11/30/2023,401584894
det nyk 11/30/2023,401584896
det ind 11/24/2023,401584135
det tor 11/19/2023,401584839
por det 11/1/2023,401584743
ind det 12/11/2023,401584921
ind mil 12/13/2023,401584943
ind mil 12/7/2023,401607494
nyk mil 12/5/2023,401607489
por mil 11/26/2023,401584873
mil ind 11/9/2023,401584799
mil bkn 11/6/2023,401584777
nyk mil 11/3/2023,401584090
mil tor 11/1/2023,401584744
mil tor 11/15/2023,401584823
atl tor 12/13/2023,401584941
bkn atl 12/6/2023,401616463
bkn atl 11/22/2023,401584855
ind atl 11/21/2023,401584127
nyk atl 11/15/2023,401584821
nyk atl 10/27/2023,401584707
por ind 11/27/2023,401584882
tor ind 11/22/2023,401584858
orl ind 11/19/2023,401584837
uta ind 11/8/2023,401584786
sas ind 11/6/2023,401584774
wsh ind 10/25/2023,401584692
wsh bkn 12/8/2023,401616473
nyk wsh 11/17/2023,401584116
wsh tor 11/13/2023,401584817
wsh bkn 11/12/2023,401584806
orl bkn 12/2/2023,401584910
tor orl 11/21/2023,401584126
orl bkn 11/14/2023,401584108
orl uta 11/2/2023,401584758
orl lac 10/31/2023,401584742
orl por 10/27/2023,401584714
sas nyk 11/8/2023,401584789
nyk uta 12/13/2023,401584946
tor nyk 12/11/2023,401584925
nyk tor 12/1/2023,401584904
phx nyk 11/26/2023,401584875
wsh nyk 10/18/2023,401591925
nyk bos 10/17/2023,401591919
min nyk 10/14/2023,401591904
uta phx 10/28/2023,401584722
bkn phx 12/13/2023,401584945
phx tor 11/29/2023,401584888
sac lac 12/12/2023,401584937
bkn sac 12/11/2023,401584931
por sac 11/8/2023,401584798
sac uta 10/25/2023,401584700
tor sas 11/5/2023,401584769
lal sas 12/15/2023,401584959
lal sas 12/13/2023,401584944
sas lac 10/29/2023,401584727
nop cha 12/15/2023,401584954
atl tor 12/15/2023,401584958
ind wsh 12/15/2023,401584956
bkn den 12/14/2023,401584950
tor bkn 11/28/2023,401584142
gsw lac 12/14/2023,401584953
lal dal 12/12/2023,401584934
uta por 12/14/2023,401584951
por uta 12/2/2023,401584917
por uta 11/14/2023,401584111
por tor 10/30/2023,401584733
uta por 11/22/2023,401584865
den lac 10/19/2023,401591932
den lac 10/17/2023,401591923
uta lac 10/10/2023,401591888
uta lac 10/8/2023,401591877
sas nop 12/1/2023,401584906
nyk phx 12/15/2023,401584961
bkn gsw 12/16/2023,401584967
dal por 12/16/2023,401584969
nyk lac 12/16/2023,401584971
ind min 12/16/2023,401584966
uta sac 12/16/2023,401584970
nop sas 12/17/2023,401584973
nyk bkn 12/20/2023,401584996
uta cle 12/20/2023,401584992
mem nop 12/19/2023,401584988
lal chi 12/20/2023,401584998
cha ind 12/20/2023,401584993
lac dal 12/20/2023,401585000
phx por 12/19/2023,401584991
uta det 12/21/2023,401585002
wsh por 12/21/2023,401585009
den bkn 12/22/2023,401585011
den tor 12/20/2023,401584997
nop cle 12/21/2023,401585003
lal min 12/21/2023,401585008
den cha 12/23/2023,401585018
gsw den 12/25/2023,401585030
dal den 12/18/2023,401584984
tor wsh 12/27/2023,401585044
por gsw 12/23/2023,401585027
gsw por 12/17/2023,401584976
cha tor 12/18/2023,401584982
cha lac 12/26/2023,401585042
bos lal 12/25/2023,401585031
nyk lal 12/18/2023,401584987
uta sas 12/26/2023,401585040
sac por 12/26/2023,401585041
bos lac 12/23/2023,401585017
mil bkn 12/27/2023,401585045
bkn det 12/26/2023,401585034
det bkn 12/23/2023,401585022
bkn uta 12/18/2023,401584985
bkn por 10/12/2023,401591900
mil nyk 12/23/2023,401585016
mil nyk 12/25/2023,401585029
tor phi 12/22/2023,401585010
uta tor 12/23/2023,401585023
ind mem 12/21/2023,401585005
lac ind 12/18/2023,401584978
ind hou 12/26/2023,401585037
orl ind 12/23/2023,401585019
mem den 12/28/2023,401585053
okc den 12/29/2023,401585063
okc den 12/16/2023,401584968
den okc 10/29/2023,401584723
bkn okc 12/31/2023,401585075
nyk okc 12/27/2023,401585047
min okc 12/26/2023,401585039
lac okc 12/21/2023,401585007
mem okc 12/18/2023,401584983
okc sac 12/14/2023,401584952
uta okc 12/11/2023,401584930
gsw okc 12/8/2023,401616476
okc hou 12/6/2023,401616466
okc dal 12/2/2023,401584915
lal okc 11/30/2023,401584899
okc min 11/28/2023,401584146
phi okc 11/25/2023,401584867
chi okc 11/22/2023,401584862
okc por 11/19/2023,401584843
okc gsw 11/18/2023,401584835
okc gsw 11/16/2023,401584829
sas okc 11/14/2023,401584109
okc phx 11/12/2023,401584813
okc sac 11/10/2023,401584104
cle okc 11/8/2023,401584795
atl okc 11/6/2023,401584783
gsw okc 11/3/2023,401584093
nop okc 11/1/2023,401584749
det okc 10/30/2023,401584737
okc cle 10/27/2023,401584709
okc chi 10/25/2023,401584698
bos okc 1/2/2024,401585090
por phx 1/1/2024,401585084
sas por 12/29/2023,401585065
sas por 12/28/2023,401585055
dal uta 1/1/2024,401585085
mil ind 1/3/2024,401585094
ind mil 1/1/2024,401585082
cha den 1/1/2024,401585083
uta den 10/30/2023,401584738
den gsw 1/4/2024,401585106
tor bos 12/29/2023,401585060
det uta 1/3/2024,401585102
mia uta 12/30/2023,401585067
uta nop 12/28/2023,401585052
nop uta 11/25/2023,401584871
uta lal 11/21/2023,401584130
bos nyk 10/9/2023,401591878
okc atl 1/3/2024,401585095
nyk ind 12/30/2023,401585069
ind chi 12/28/2023,401585050
lal okc 12/23/2023,401585025
bkn hou 1/3/2024,401585097
bkn nop 1/2/2024,401585089
bkn wsh 12/29/2023,401585058
por bkn 10/16/2023,401591917
den bkn 10/10/2023,401469218
bkn det 10/8/2023,401585022
cle tor 1/1/2024,401585080
chi nyk 1/3/2024,401585096
min nyk 1/1/2024,401585079
nyk orl 12/29/2023,401585057
cha lal 12/28/2023,401585056
nop min 1/3/2024,401585099
lal min 12/30/2023,401585071
hou nop 12/23/2023,401585020
mia lac 1/1/2024,401585086
mem lac 12/29/2023,401585066
lac phx 1/3/2024,401585101
lal nop 12/31/2023,401585074
mem nop 12/26/2023,401585038
por dal 1/3/2024,401585100
mia lal 1/3/2024,401585103
tor det 12/30/2023,401585068
tor mem 1/3/2024,401585098
por dal 1/5/2024,401585115
uta bos 1/5/2024,401585107
atl ind 1/5/2024,401585108
nyk phi 1/5/2024,401585111
uta phi 1/6/2024,401585123
okc bkn 1/5/2024,401585109
orl den 1/5/2024,401585116
lac nop 1/5/2024,401585114
tor sac 1/5/2024,401585120
mem lal 1/5/2024,401585119
lac lal 1/7/2024,401585133
bos ind 1/6/2024,401585121
nop sac 1/7/2024,401585128
det den 1/7/2024,401585130
por bkn 1/7/2024,401585126
nyk wsh 1/6/2024,401585122
tor gsw 1/7/2024,401585132
bos ind 1/8/2024,401585135
okc wsh 1/8/2024,401585136
uta mil 1/8/2024,401585138
tor lal 1/9/2024,401585144
phx lac 1/8/2024,401585139
por nyk 1/9/2024,401585142
okc mia 1/10/2024,401585150
wsh ind 1/10/2024,401585148
nop gsw 1/10/2024,401585153
tor lac 1/10/2024,401585154
por okc 1/11/2024,401585157
den uta 1/10/2024,401585152
ind atl 1/12/2024,401585161
nyk dal 1/11/2024,401585158
lac mem 1/12/2024,401585165
nop den 1/12/2024,401585167
phx lal 1/11/2024,401585159
tor uta 1/12/2024,401585168
por min 1/12/2024,401585166
nop dal 1/13/2024,401585175
orl okc 1/13/2024,401585174
nyk mem 1/13/2024,401585172
ind den 1/14/2024,401585178
lal uta 1/13/2024,401585177
okc lal 1/15/2024,401585193
phx por 1/14/2024,401585182
lac min 1/14/2024,401585181
orl nyk 1/15/2024,401585185
bos tor 1/15/2024,401585191
ind por 1/19/2024,401585218
bkn por 1/17/2024,401585206
bkn lal 1/19/2024,401585219
dal lal 1/17/2024,401585205
por lal 1/21/2024,401585233
den phi 1/16/2024,401585194
tor nyk 1/20/2024,401585224
ind uta 1/15/2024,401585192
den bos 1/19/2024,401585214
nop dal 1/15/2024,401585184
den wsh 1/21/2024,401585230
ind phx 1/21/2024,401585232
ind sac 1/18/2024,401585211
wsh nyk 1/18/2024,401585207
hou nyk 1/17/2024,401585201
bkn lac 1/21/2024,401585228
mia bkn 1/15/2024,401585190
uta hou 1/20/2024,401585226
okc uta 1/18/2024,401585209
phx nop 1/19/2024,401585216
cha nop 1/17/2024,401585203
okc lac 1/16/2024,401585196
okc min 1/20/2024,401585227
lal lac 1/23/2024,401585246
bos dal 1/22/2024,401585239
nyk bkn 1/23/2024,401585243
sas phi 1/22/2024,401585236
mem tor 1/22/2024,401585237
tor chi 10/17/2023,401591920
chi phx 1/22/2024,401585240
cle orl 1/22/2024,401585235
mil det 1/22/2024,401585234
den ind 1/23/2024,401585242
cha min 1/22/2024,401585238
por okc 1/23/2024,401585245
uta nop 1/23/2024,401585244
sac phx 1/16/2024,401585195
atl sac 1/22/2024,401585241
cha wsh 10/12/2023,401591895
cha mia 10/10/2023,401591884
mil mem 10/15/2023,401591940
sac mem 10/11/2023,401585077
sas bos 1/17/2024,401585199
bos mil 1/11/2024,401585156
bos sas 12/31/2023,401585076
orl bos 12/17/2023,401584972
phi bos 12/1/2023,401584903
chi bos 11/28/2023,401584141
atl bos 11/26/2023,401584874
bos orl 11/24/2023,401584131
bos phi 11/15/2023,401584822
bos wsh 10/30/2023,401584731
bos hou 1/21/2024,401585231
hou bos 1/13/2024,401585170
min bos 1/10/2024,401585145
det bos 12/28/2023,401585049
bos sac 12/20/2023,401585001
bos gsw 12/19/2023,401584990
orl bos 12/15/2023,401584957
bos cha 11/20/2023,401584845
mia bos 10/27/2023,401584708
cle bos 12/14/2023,401584947
cle bos 12/12/2023,401584933
mil bos 11/22/2023,401584856
bos mem 11/19/2023,401584841
bos phi 11/8/2023,401584787
bos min 11/6/2023,401584782
bos sas 10/13/2023,401585076
bos cha 10/19/2023,401591928
bos phi 10/11/2023,401591891
sac phi 1/12/2024,401585160
phi atl 1/10/2024,401585149
chi phi 1/2/2024,401585087
phi chi 12/30/2023,401585070
phi hou 12/29/2023,401585062
phi orl 12/27/2023,401585043
phi mia 12/25/2023,401585032
min phi 12/20/2023,401584995
phi cha 12/16/2023,401584963
det phi 12/15/2023,401584955
phi det 12/13/2023,401584938
wsh phi 12/11/2023,401584923
atl phi 12/8/2023,401616472
phi min 11/22/2023,401584860
wsh phi 11/6/2023,401584776
phx phi 11/4/2023,401584760
phi cha 1/20/2024,401585221
phi orl 1/19/2024,401585213
hou phi 1/15/2024,401585183
chi phi 12/18/2023,401584979
phi wsh 12/6/2023,401616462
cle phi 11/21/2023,401584128
phi det 11/10/2023,401584096
phi atl 11/17/2023,401584117
phi bkn 10/16/2023,401591914
phi bos 10/8/2023,401591874
min mem 12/8/2023,401616475
mem det 12/6/2023,401616460
mem dal 12/1/2023,401584905
min mem 11/26/2023,401584877
phx mem 11/24/2023,401584132
mem hou 11/22/2023,401584859
mem sas 11/18/2023,401584834
mia mem 11/8/2023,401584792
dal mem 10/30/2023,401584734
mem wsh 10/28/2023,401584717
chi tor 1/18/2024,401585208
mia tor 1/17/2024,401585202
wsh tor 10/20/2023,401591937
tor dal 10/20/2023,401584796
min chi 10/19/2023,401591929
chi den 10/15/2023,401591910
chi mil 10/8/2023,401591872
mem chi 1/20/2024,401585225
chi cle 1/15/2024,401585189
chi sas 1/13/2024,401585176
chi cha 1/8/2024,401585134
cha chi 1/5/2024,401585112
atl chi 12/26/2023,401585036
cle chi 12/23/2023,401585024
sas chi 12/21/2023,401585004
chi mia 12/16/2023,401584965
chi mia 12/14/2023,401584948
chi mil 12/11/2023,401584928
chi sas 12/8/2023,401616477
cha chi 12/6/2023,401616465
mil chi 11/30/2023,401584897
mia chi 11/20/2023,401584848
mia chi 11/18/2023,401584832
orl chi 11/17/2023,401584121
orl chi 11/15/2023,401584824
chi mil 11/13/2023,401584818
det chi 11/12/2023,401584809
phx chi 11/8/2023,401584790
chi dal 11/1/2023,401584752
chi det 10/28/2023,401584716
gsw chi 1/12/2024,401585164
hou chi 1/10/2024,401585151
cle atl 1/20/2024,401585223
mil cle 1/17/2024,401585200
bkn cle 1/11/2024,401585155
sas cle 1/7/2024,401585125
wsh cle 1/5/2024,401585110
wsh cle 1/3/2024,401585093
mil cle 12/29/2023,401585061
cle dal 12/27/2023,401585048
hou cle 12/18/2023,401584977
atl cle 12/16/2023,401584964
cle orl 12/11/2023,401584922
cle mia 12/8/2023,401616474
orl cle 12/6/2023,401616459
cle det 12/2/2023,401584911
atl cle 11/28/2023,401584143
mia cle 11/22/2023,401584857
det cle 11/17/2023,401584118
cle sac 11/13/2023,401584819
cle gsw 11/11/2023,401584804
gsw cle 11/5/2023,401584770
cle ind 10/20/2023,401591934
mil det 1/20/2024,401585220
min det 1/17/2024,401585197
sas det 1/10/2024,401585147
sac det 1/9/2024,401585140
det gsw 1/5/2024,401585118
det hou 1/1/2024,401585081
det atl 12/18/2023,401584980
det mil 12/16/2023,401584962
det orl 12/8/2023,401616471
det wsh 1/15/2024,401585186
hou det 1/12/2024,401585162
wsh det 11/27/2023,401584881
atl det 11/14/2023,401584106
det cha 10/27/2023,401584705
det mia 10/25/2023,401584696
phx det 11/5/2023,401584768
det dal 10/20/2023,401591938
okc det 10/12/2023,401591894
det mil 11/8/2023,401584793
gsw det 11/6/2023,401584773
orl wsh 12/26/2023,401585035
wsh phx 12/17/2023,401584975
wsh orl 12/1/2023,401584902
wsh orl 11/29/2023,401584887
wsh mil 11/24/2023,401584137
wsh cha 11/22/2023,401584853
mil wsh 11/20/2023,401584847
dal wsh 11/15/2023,401584820
cha wsh 11/10/2023,401584097
wsh cha 11/8/2023,401584785
wsh mia 11/3/2023,401584091
wsh atl 11/1/2023,401584745
atl wsh 12/31/2023,401585073
wsh gsw 12/22/2023,401585014
wsh sac 12/18/2023,401584986
atl wsh 11/25/2023,401584869
sac mil 1/14/2024,401585180
gsw mil 1/13/2024,401585173
mil hou 1/6/2024,401585124
mil sas 1/4/2024,401585105
orl mil 12/21/2023,401585006
sas mil 12/19/2023,401584989
hou mil 12/17/2023,401584974
atl mil 12/2/2023,401584914
mil mia 11/28/2023,401584144
dal mil 11/18/2023,401584833
mil cha 11/17/2023,401584115
mil orl 11/11/2023,401584801
mia mil 10/30/2023,401584735
atl mil 10/29/2023,401584725
mil okc 10/17/2023,401591922
mil mem 10/10/2023,401591886
mem min 1/18/2024,401585210
min orl 1/9/2024,401585141
min dal 1/7/2024,401585129
min hou 1/5/2024,401585113
dal min 12/28/2023,401585051
min sac 12/23/2023,401585028
min mia 12/18/2023,401584981
min dal 12/14/2023,401584949
sas min 12/6/2023,401616464
min cha 12/2/2023,401584909
sac min 11/24/2023,401584138
min phx 11/15/2023,401584825
min gsw 11/14/2023,401584113
min gsw 11/12/2023,401584814
min sas 11/10/2023,401584101
min atl 10/30/2023,401584732
mia min 10/28/2023,401584721
gsw mem 1/15/2024,401585188
orl gsw 1/2/2024,401585091
dal gsw 12/30/2023,401585072
mia gsw 12/28/2023,401585054
gsw phx 12/12/2023,401584936
gsw sac 11/28/2023,401584148
sas gsw 11/24/2023,401584139
gsw phx 11/22/2023,401584864
hou gsw 11/20/2023,401584852
sac gsw 11/1/2023,401584754
gsw hou 10/29/2023,401584724
gsw sac 10/27/2023,401584715
phx gsw 10/24/2023,401584690
gsw sac 10/15/2023,401591911
mem phx 1/7/2024,401585131
mia phx 1/5/2024,401585117
orl phx 12/31/2023,401585078
cha phx 12/29/2023,401585064
phx hou 12/27/2023,401585046
dal phx 12/25/2023,401585033
phx sac 12/22/2023,401585015
mem phx 12/2/2023,401584916
sas phx 11/2/2023,401584759
sas phx 10/31/2023,401584741
sac phx 12/8/2023,401617581
cha orl 11/26/2023,401584876
mia cha 11/14/2023,401584105
cha dal 11/5/2023,401584771
cha hou 11/1/2023,401584750
atl cha 10/25/2023,401584691
sac cha 1/10/2024,401585146
orl sac 1/3/2024,401585104
cha sac 1/2/2024,401585092
sac mem 12/31/2023,401585077
sac atl 12/29/2023,401585059
sac dal 11/19/2023,401584840
sac sas 11/17/2023,401584120
sac hou 11/6/2023,401584781
sac hou 11/4/2023,401584765
atl mia 1/19/2024,401585215
orl atl 1/17/2024,401585198
sas atl 1/15/2024,401585187
wsh atl 1/13/2024,401585171
atl orl 1/7/2024,401585127
mem atl 12/23/2023,401585021
atl mia 12/22/2023,401585012
atl hou 12/20/2023,401584999
atl sas 11/30/2023,401584900
mia atl 11/11/2023,401584803
orl atl 11/9/2023,401584800
atl phi 10/20/2023,401591936
atl ind 10/16/2023,401591913
mem atl 10/12/2023,401591896
cle atl 10/10/2023,401591883
sas cha 1/19/2024,401585212
cha mia 1/14/2024,401585179
cha sas 1/12/2024,401585169
cha mia 12/13/2023,401584940
mia cha 12/11/2023,401584920
mia orl 1/21/2024,401585229
hou mia 1/8/2024,401585137
mia orl 12/20/2023,401584994
okc cha 10/15/2023,401591906
orl mia 1/12/2024,401585163
mia sas 11/12/2023,401584812
atl orl 11/9/2023,401584800
dal orl 11/6/2023,401584775
hou orl 10/25/2023,401584694
sas wsh 1/20/2024,401585222
sas dal 12/23/2023,401585026
dal hou 12/22/2023,401585013
mem dal 1/9/2024,401585143
dal mem 12/11/2023,401584927
dal sas 10/25/2023,401584701
hou dal 11/28/2023,401584147
hou mem 12/15/2023,401584960
mem hou 12/13/2023,401584942
sas hou 12/11/2023,401584926
hou sas 10/27/2023,401584711
sas mem 1/2/2024,401585088
sas min 10/17/2023,401584101
sas cle 10/16/2023,401591912
sas bkn 10/12/2023,401468710
phx lal 4/7/2023,401469367
lal lac 4/5/2023,401469351
lal hou 4/2/2023,401469326
lal min 3/31/2023,401469312
lal chi 3/29/2023,401469295
chi lal 3/26/2023,401469269
lal dal 2/26/2023,401469068
gsw lal 2/23/2023,401469048
nop lal 2/15/2023,401469037
lal nop 2/4/2023,401468953
lal ind 2/2/2023,401468933
lal nyk 1/31/2023,401468920
lal bos 1/28/2023,401468904
sas lal 1/25/2023,401468884
lac lal 1/24/2023,401468874
lal por 1/22/2023,401468860
mem lal 1/20/2023,401468845
sac lal 1/18/2023,401468832
hou lal 1/16/2023,401468819
phi lal 1/15/2023,401468810
dal lal 1/12/2023,401468785
lal sac 1/7/2023,401468750
atl lal 1/6/2023,401468745
lal cha 1/2/2023,401468706
lal atl 12/30/2022,401468685
lal mia 12/28/2022,401468673
lal orl 12/27/2022,401468660
lal dal 12/25/2022,401468649
cha lal 12/23/2022,401468647
lal sac 12/21/2022,401468630
wsh lal 12/18/2022,401468606
den lal 12/16/2022,401468592
bos lal 12/13/2022,401468568
lal det 12/11/2022,401468551
lal phi 12/9/2022,401468537
lal cle 12/6/2022,401468515
lal wsh 12/4/2022,401468504
lal mil 12/2/2022,401468486
por lal 11/30/2022,401468479
ind lal 11/28/2022,401468463
lal sas 11/26/2022,401468443
lal sas 11/25/2022,401468437
lal lac 11/9/2022,401468325
cle lal 11/6/2022,401468295
nop lal 11/2/2022,401468272
den lal 10/30/2022,401468250
lal min 10/28/2022,401468231
lal den 10/26/2022,401468219
por lal 10/23/2022,401468192
lac lal 10/20/2022,401468171
lal gsw 10/18/2022,401468017
orl mia 4/9/2023,401469374
mia phi 4/6/2023,401469353
mia det 4/4/2023,401469332
dal mia 4/1/2023,401469316
mia nyk 3/29/2023,401469293
mia tor 3/28/2023,401469287
bkn mia 3/25/2023,401469263
nyk mia 3/22/2023,401469239
mia det 3/19/2023,401469221
mia chi 3/18/2023,401469215
mem mia 3/15/2023,401469191
mia orl 3/11/2023,401469162
cle mia 3/10/2023,401469155
cle mia 3/8/2023,401469142
atl mia 3/6/2023,401469129
atl mia 3/4/2023,401469113
nyk mia 3/3/2023,401469104
phi mia 3/1/2023,401469091
mia phi 2/27/2023,401469075
mia cha 2/25/2023,401469059
mia mil 2/24/2023,401469052
mia orl 2/11/2023,401469003
hou mia 2/10/2023,401468995
ind mia 2/8/2023,401468980
mia mil 2/4/2023,401468952
mia nyk 2/2/2023,401468935
mia cle 1/31/2023,401468919
mia cha 1/29/2023,401468907
orl mia 1/27/2023,401468893
bos mia 1/24/2023,401468869
nop mia 1/22/2023,401468854
mia dal 1/20/2023,401468841
mia nop 1/18/2023,401468828
mia atl 1/16/2023,401468816
bkn mia 1/8/2023,401468754
mia lal 1/4/2023,401468729
mia lac 1/2/2023,401468715
mia den 12/30/2022,401468690
min mia 12/26/2022,401468655
ind mia 12/23/2022,401468641
mia ind 12/12/2022,401468557
lac mia 12/8/2022,401468529
mia mem 12/5/2022,401468512
mia bos 12/2/2022,401468483
mia bos 11/30/2022,401468469
mia atl 11/27/2022,401468448
wsh mia 11/23/2022,401468420
mia ind 11/4/2022,401468276
sac mia 11/2/2022,401468264
gsw mia 11/1/2022,401468259
mia sac 10/29/2022,401468236
mia gsw 10/27/2022,401468223
mia por 10/26/2022,401468220
tor mia 10/24/2022,401468200
tor mia 10/22/2022,401468186
bos mia 10/21/2022,401468177
chi mia 10/19/2022,401468022
sac den 4/9/2023,401469382
den phx 4/6/2023,401469356
den hou 4/4/2023,401469338
gsw den 4/2/2023,401469330
den phx 3/31/2023,401469315
den bkn 3/19/2023,401469218
bkn den 3/12/2023,401469169
den sas 3/10/2023,401469157
chi den 3/8/2023,401469144
tor den 3/6/2023,401469130
mem den 3/3/2023,401469107
den hou 2/28/2023,401469081
lac den 2/26/2023,401469073
den mem 2/25/2023,401469062
den cle 2/23/2023,401469041
dal lac 2/8/2023,401468984
lac bkn 2/6/2023,401468965
lac nyk 2/4/2023,401468950
lac mil 2/2/2023,401468939
lac chi 1/31/2023,401468921
lac atl 1/28/2023,401468900
sas lac 1/26/2023,401468890
lac dal 1/22/2023,401468856
lac sas 1/20/2023,401468842
phi lac 1/17/2023,401468823
hou lac 1/15/2023,401468804
atl lac 1/8/2023,401468759
lac min 1/6/2023,401468742
lac den 1/5/2023,401468734
lac ind 12/31/2022,401468693
lac bos 12/29/2022,401468680
lac tor 12/27/2022,401468664
lac det 12/26/2022,401468654
lac phi 12/23/2022,401468635
cha lac 12/21/2022,401468631
min lac 12/14/2022,401468578
bos lac 12/12/2022,401468563
lac orl 12/7/2022,401468518
lac cha 12/5/2022,401468507
sac lac 12/3/2022,401468493
lac por 11/29/2022,401468466
ind lac 11/27/2022,401468447
den lac 11/25/2022,401468440
lac gsw 11/23/2022,401468426
sas lac 11/19/2022,401468394
det lac 11/17/2022,401468378
lac dal 11/15/2022,401468362
lac hou 11/14/2022,401468358
bkn lac 11/12/2022,401468339
cle lac 11/7/2022,401468313
lac sas 11/4/2022,401468281
lac hou 11/2/2022,401468267
hou lac 10/31/2022,401468257
nop lac 10/30/2022,401468243
phx lac 10/23/2022,401468198
lac sac 10/22/2022,401468191
mia bkn 2/15/2023,401469033
den mia 2/13/2023,401469016
mil mia 1/14/2023,401468796
mil mia 1/12/2023,401468783
mia phx 1/6/2023,401468744
mia min 11/21/2022,401468407
phx mia 11/14/2022,401468357
cha mia 11/12/2022,401468344
cha mia 11/10/2022,401468329
por mia 11/7/2022,401468305
nop den 3/30/2023,401469302
mil den 3/25/2023,401469264
den wsh 3/22/2023,401469238
den nyk 3/18/2023,401469210
den det 3/16/2023,401469197
den tor 3/14/2023,401469184
dal den 2/15/2023,401469036
den cha 2/11/2023,401469002
lal bkn 1/30/2023,401468912
lal den 1/9/2023,401468764
lal phx 12/19/2022,401468614
lal tor 12/7/2022,401468521
lal phx 11/22/2022,401468414
sas lal 11/20/2022,401468402
det lal 11/18/2022,401468389
mia tor 11/16/2022,401468370
mia wsh 4/7/2023,401469359
mia wsh 11/18/2022,401468379
det ind 4/7/2023,401469358
bkn det 4/5/2023,401469344
det tor 3/24/2023,401469254
det atl 3/21/2023,401469233
det wsh 3/14/2023,401469183
ind det 3/13/2023,401469175
ind det 3/11/2023,401469161
cha det 3/9/2023,401469147
por det 3/6/2023,401469132
det cha 2/27/2023,401469074
tor det 2/25/2023,401469058
nop orl 1/20/2023,401468838
ind cle 4/2/2023,401469328
hou cle 3/26/2023,401469272
cle bkn 3/23/2023,401469249
cle bkn 3/21/2023,401469234
bos cle 3/6/2023,401469126
cle bos 3/1/2023,401469090
tor cle 2/26/2023,401469069
cle phi 2/15/2023,401469030
cle nop 2/10/2023,401468997
cle ind 2/5/2023,401468958
lac cle 1/29/2023,401468909
cle nyk 1/24/2023,401468870
gsw cle 1/20/2023,401468840
nop cle 1/16/2023,401468813
cle min 1/14/2023,401468800
cle por 1/12/2023,401468786
cle uta 1/10/2023,401468769
cle phx 1/8/2023,401468758
cle den 1/6/2023,401468743
phx cle 1/4/2023,401468720
cle ind 12/29/2022,401468679
bkn cle 12/26/2022,401468653
tor cle 12/23/2022,401468639
uta cle 12/19/2022,401468607
dal cle 12/17/2022,401468595
ind cle 12/16/2022,401468586
cle dal 12/14/2022,401468576
por cle 11/23/2022,401468416
atl cle 11/21/2022,401468403
cha cle 11/18/2022,401468380
cle gsw 11/11/2022,401468337
bos cle 11/2/2022,401468262
nyk cle 10/30/2022,401468245
cle bos 10/28/2022,401468227
wsh cle 10/23/2022,401468194
cle tor 10/19/2022,401468023
nyk cle 3/31/2023,401469309
cle atl 3/28/2023,401469286
wsh cle 3/17/2023,401469204
phi cle 3/15/2023,401469190
cle cha 3/14/2023,401469182
cle cha 3/12/2023,401469170
cle nyk 12/4/2022,401468503
phi cle 11/30/2022,401468467
cle tor 11/28/2022,401468458
tor bos 4/7/2023,401469361
bos phi 4/4/2023,401469336
uta bos 3/31/2023,401469307
bos mil 3/30/2023,401469301
bos wsh 3/28/2023,401469285
ind bos 3/24/2023,401469252
bos sac 3/21/2023,401469236
bos uta 3/18/2023,401469217
bos por 3/17/2023,401469208
bos min 3/15/2023,401469194
bos hou 3/13/2023,401469179
bos atl 3/11/2023,401469163
por bos 3/8/2023,401469141
nyk bos 3/5/2023,401469124
bkn bos 3/3/2023,401469103
bos nyk 2/27/2023,401469076
bos phi 2/25/2023,401469063
bos ind 2/23/2023,401469042
det bos 2/15/2023,401469032
mem bos 2/12/2023,401469010
cha bos 2/10/2023,401468993
phi bos 2/8/2023,401468979
bos det 2/6/2023,401468963
phx bos 2/3/2023,401468943
bkn bos 2/1/2023,401468927
nyk bos 1/26/2023,401468885
gsw bos 1/19/2023,401468834
bos cha 1/16/2023,401468811
bos cha 1/14/2023,401468797
bos bkn 1/12/2023,401468782
nop bos 1/11/2023,401468776
chi bos 1/9/2023,401468761
bos sas 1/7/2023,401468746
bos dal 1/5/2023,401468732
bos den 1/1/2023,401468704
hou bos 12/27/2022,401468662
phi mil 4/2/2023,401469329
tor phi 3/31/2023,401469305
dal phi 3/29/2023,401469294
chi phi 3/20/2023,401469227
phi cha 3/17/2023,401469202
wsh phi 3/12/2023,401469171
por phi 3/10/2023,401469153
phi ind 3/6/2023,401469127
phi mil 3/4/2023,401469115
phi dal 3/2/2023,401469098
mem phi 2/23/2023,401469044
hou phi 2/13/2023,401469015
phi bkn 2/11/2023,401469001
nyk phi 2/10/2023,401468992
phi nyk 2/5/2023,401468959
phi sas 2/3/2023,401468946
orl phi 2/1/2023,401468925
orl phi 1/30/2023,401468911
den phi 1/28/2023,401468896
bkn phi 1/25/2023,401468876
phi por 1/19/2023,401468837
phi uta 1/14/2023,401468801
det phi 1/10/2023,401468767
phi det 1/8/2023,401468751
chi phi 1/6/2023,401468736
ind phi 1/4/2023,401468722
nop phi 1/2/2023,401468709
phi nop 12/30/2022,401468689
phi wsh 12/27/2022,401468661
phi nyk 12/25/2022,401468648
det phi 12/21/2022,401468622
tor phi 12/19/2022,401468608
gsw phi 12/16/2022,401468587
sac phi 12/13/2022,401468564
cha phi 12/11/2022,401468554
phi hou 12/5/2022,401468511
wsh phi 11/2/2022,401468263
phi wsh 10/31/2022,401468252
phi chi 10/29/2022,401468239
phi tor 10/28/2022,401468228
phi tor 10/26/2022,401468214
ind phi 10/24/2022,401468199
sas phi 10/22/2022,401468183
mil phi 10/20/2022,401468170
phi bos 10/18/2022,401468016
gsw lal 3/5/2023,401469119
min lal 3/3/2023,401469110
lal mem 2/28/2023,401469082
orl min 2/3/2023,401468945
ind orl 1/25/2023,401468875
orl wsh 1/21/2023,401468848
orl den 1/15/2023,401468808
orl uta 1/13/2023,401468793
orl atl 12/19/2022,401468609
orl bos 12/18/2022,401468600
orl bos 12/16/2022,401468585
atl orl 12/14/2022,401468571
tor orl 12/11/2022,401468553
tor orl 12/9/2022,401468534
phi orl 11/27/2022,401468452
phi orl 11/25/2022,401468428
orl ind 11/21/2022,401468404
orl ind 11/19/2022,401468391
min orl 11/16/2022,401468367
cha orl 11/14/2022,401468355
phx orl 11/11/2022,401468332
dal orl 11/9/2022,401468316
orl dal 10/30/2022,401468248
cha orl 10/28/2022,401468226
orl nyk 10/24/2022,401468201
bos orl 10/22/2022,401468185
orl atl 10/21/2022,401468175
lac phx 4/9/2023,401469384
por lac 4/8/2023,401469370
lac nop 4/1/2023,401469317
lac mem 3/31/2023,401469311
lac mem 3/29/2023,401469296
chi lac 3/27/2023,401469284
nop lac 3/25/2023,401469267
lac por 3/19/2023,401469224
orl lac 3/18/2023,401469211
gsw lac 3/15/2023,401469196
nyk lac 3/11/2023,401469159
tor lac 3/8/2023,401469146
mem lac 3/5/2023,401469125
lac sac 3/3/2023,401469109
lac gsw 3/2/2023,401469100
min lac 2/28/2023,401469087
sac lac 2/24/2023,401469057
lac phx 2/16/2023,401469040
gsw lac 2/14/2023,401469026
den lac 1/13/2023,401468794
dal lac 1/10/2023,401468772
wsh lac 12/17/2022,401468593
phx lac 12/15/2022,401468582
lac wsh 12/10/2022,401468544
mil lac 2/10/2023,401469000
phi phx 3/25/2023,401469265
phi gsw 3/24/2023,401469258
phi chi 3/22/2023,401469242
phi ind 3/18/2023,401469212
phi min 3/7/2023,401469135
phi mem 12/2/2022,401468487
atl phi 11/28/2022,401468454
min phi 11/19/2022,401468392
mil phi 11/18/2022,401468381
uta phi 11/13/2022,401468350
atl phi 11/12/2022,401468343
phi atl 11/10/2022,401468328
phx phi 11/7/2022,401468303
phi den 3/27/2023,401469281
phi sac 1/21/2023,401468853
mem nop 4/5/2023,401469349
por mem 4/4/2023,401469339
mem atl 3/26/2023,401469270
dal mem 3/20/2023,401469230
gsw mem 3/18/2023,401469216
mem dal 3/13/2023,401469178
dal mem 3/11/2023,401469165
gsw mem 3/9/2023,401469151
mem lal 3/7/2023,401469139
uta mem 2/15/2023,401469034
min mem 2/10/2023,401468996
tor mem 2/5/2023,401468960
por mem 2/1/2023,401468926
ind mem 1/29/2023,401468908
mem min 1/27/2023,401468892
mem gsw 1/25/2023,401468881
mem phx 1/22/2023,401468858
phx mem 1/16/2023,401468818
mem ind 1/14/2023,401468798
uta mem 1/8/2023,401468755
mem cha 1/4/2023,401468719
mem tor 12/29/2022,401468681
phx mem 12/27/2022,401468665
mem gsw 12/25/2022,401468651
mem phx 12/23/2022,401468645
mem den 12/20/2022,401468620
atl mem 12/12/2022,401468559
mem min 11/30/2022,401468472
mem nyk 11/27/2022,401468451
mem bkn 11/20/2022,401468398
mem nop 11/15/2022,401468361
mem wsh 11/13/2022,401468349
min mem 11/11/2022,401468336
bos mem 11/7/2022,401468307
wsh mem 11/6/2022,401468297
cha mem 11/4/2022,401468280
mem por 11/2/2022,401468271
mem uta 10/31/2022,401468256
mem uta 10/29/2022,401468242
bkn mem 10/24/2022,401468204
mem dal 10/22/2022,401468189
nyk mem 10/19/2022,401468024
nop mem 12/31/2022,401468698
sas phx 4/4/2023,401469343
min phx 3/29/2023,401469299
phx uta 3/27/2023,401469280
phx lal 3/22/2023,401469247
mil phx 3/14/2023,401469188
phx gsw 3/13/2023,401469180
sac phx 3/11/2023,401469168
phx ind 2/10/2023,401468991
phx atl 2/9/2023,401468987
atl phx 2/1/2023,401468932
tor phx 1/30/2023,401468917
phx sas 1/28/2023,401468903
dal phx 1/26/2023,401468889
min cle 11/13/2022,401468348
mil gsw 3/11/2023,401469167
nop gsw 3/3/2023,401469108
por gsw 2/28/2023,401469086
min gsw 2/26/2023,401469071
hou gsw 2/24/2023,401469056
wsh gsw 2/13/2023,401469021
lal gsw 2/11/2023,401469008
gsw por 2/8/2023,401468985
dal gsw 2/4/2023,401468955
gsw den 2/2/2023,401468938
bkn gsw 1/22/2023,401468859
gsw wsh 1/16/2023,401468815
gsw chi 1/15/2023,401468805
phx gsw 1/10/2023,401468770
orl gsw 1/7/2023,401468749
det gsw 1/4/2023,401468728
atl gsw 1/2/2023,401468713
por gsw 12/30/2022,401468691
uta gsw 12/28/2022,401468676
cha gsw 12/27/2022,401468668
gsw bkn 12/21/2022,401468625
gsw nyk 12/20/2022,401468618
gsw tor 12/18/2022,401468603
gsw ind 12/14/2022,401468570
bos gsw 12/10/2022,401468547
gsw uta 12/7/2022,401468527
hou gsw 12/3/2022,401468497
gsw nop 11/21/2022,401468408
gsw nop 11/4/2022,401468283
gsw cha 10/29/2022,401468237
gsw phx 10/25/2022,401468210
uta sas 3/29/2023,401469298
uta sac 3/25/2023,401469266
mil uta 3/24/2023,401469257
por uta 3/22/2023,401469246
uta cha 3/11/2023,401469160
uta orl 3/9/2023,401469149
uta dal 3/7/2023,401469138
sac lal 11/11/2022,401468338
lal uta 11/7/2022,401468312
phi atl 4/7/2023,401469360
phi cha 11/23/2022,401468415
bkn phi 11/22/2022,401468411
nyk phi 11/4/2022,401468277
mil tor 4/9/2023,401469376
tor cha 4/4/2023,401469331
tor cha 4/2/2023,401469318
orl tor 2/14/2023,401469023
det tor 2/12/2023,401469011
tor hou 2/3/2023,401468944
tor uta 2/1/2023,401468931
sac tor 12/14/2022,401468572
orl tor 12/3/2022,401468495
tor nop 11/30/2022,401468473
tor det 11/14/2022,401468354
tor ind 11/12/2022,401468342
hou tor 11/9/2022,401468320
tor chi 11/7/2022,401468306
tor dal 11/4/2022,401468282
tor sas 11/2/2022,401468269
atl tor 10/31/2022,401468254
tor bkn 10/21/2022,401468176
ind nyk 4/9/2023,401469375
nyk ind 4/5/2023,401469345
mil ind 3/29/2023,401469291
dal ind 3/27/2023,401469278
ind tor 3/22/2023,401469240
ind cha 3/20/2023,401469226
ind mil 3/16/2023,401469200
ind chi 3/5/2023,401469118
ind wsh 2/11/2023,401469004
sac ind 2/3/2023,401468941
mil ind 1/27/2023,401468891
ind phx 1/21/2023,401468852
ind den 1/20/2023,401468843
ind mil 1/16/2023,401468812
atl ind 1/13/2023,401468788
cha ind 1/8/2023,401468753
por ind 1/6/2023,401468735
tor ind 1/2/2023,401468708
atl ind 12/27/2022,401468663
ind nop 12/26/2022,401468657
ind bos 12/21/2022,401468624
nyk ind 12/18/2022,401468601
bkn ind 12/10/2022,401468543
wsh ind 12/9/2022,401468533
ind min 12/7/2022,401468525
ind gsw 12/5/2022,401468514
ind por 12/4/2022,401468506
ind uta 12/2/2022,401468490
ind sac 11/30/2022,401468478
bkn ind 11/25/2022,401468431
min ind 11/23/2022,401468417
ind hou 11/18/2022,401468383
ind cha 11/16/2022,401468366
den ind 11/9/2022,401468315
ind bkn 10/31/2022,401468253
ind bkn 10/29/2022,401468238
wsh ind 10/19/2022,401468019
tor bos 4/5/2023,401469347
sas bos 3/26/2023,401469271
bos tor 1/21/2023,401468847
mil bos 12/25/2022,401468650
min bos 12/23/2022,401468637
bos phx 12/7/2022,401468528
bos tor 12/5/2022,401468510
bos bkn 12/4/2022,401468501
wsh bos 11/27/2022,401468449
sac bos 11/25/2022,401468430
dal bos 11/23/2022,401468419
bos chi 11/21/2022,401468405
bos nop 11/18/2022,401468386
bos atl 11/16/2022,401468369
den bos 11/11/2022,401468331
det bos 11/9/2022,401468318
bos nyk 11/5/2022,401468290
chi bos 11/4/2022,401468279
wsh bos 10/30/2022,401468244
bos chi 10/24/2022,401468202
bos mil 2/14/2023,401469024
cha bos 11/28/2022,401468456
mil wsh 4/4/2023,401469334
tor mil 3/19/2023,401469223
bkn mil 3/9/2023,401469150
mil bkn 2/28/2023,401469079
phx mil 2/26/2023,401469065
mil chi 2/16/2023,401469038
mil lal 2/9/2023,401468989
mil por 2/6/2023,401468970
cha mil 1/31/2023,401468922
nop mil 1/29/2023,401468910
den mil 1/25/2023,401468878
tor mil 1/17/2023,401468820
mil atl 1/11/2023,401468775
mil nyk 1/9/2023,401468762
cha mil 1/6/2023,401468738
wsh mil 1/3/2023,401468716
mil bkn 12/23/2022,401468638
mil nop 12/19/2022,401468612
uta mil 12/17/2022,401468597
mil dal 12/9/2022,401468541
mil nyk 11/30/2022,401468471
dal mil 11/27/2022,401468453
por mil 11/21/2022,401468406
mil atl 11/7/2022,401468304
mil min 11/4/2022,401468284
det mil 11/2/2022,401468268
atl mil 10/29/2022,401468240
nyk mil 10/28/2022,401468230
bkn mil 10/26/2022,401468215
dal cha 3/26/2023,401469268
cha dal 3/24/2023,401469256
cha nop 3/23/2023,401469250
cha bkn 3/5/2023,401469120
orl cha 3/3/2023,401469101
cha min 2/24/2023,401469053
sas cha 2/15/2023,401469028
nyk atl 1/20/2023,401468839
nyk chi 12/16/2022,401468589
nyk cha 12/9/2022,401468532
atl nyk 12/7/2022,401468520
dal nyk 12/3/2022,401468492
nyk det 11/29/2022,401468464
nyk phx 11/20/2022,401468395
nyk gsw 11/18/2022,401468388
nyk bkn 11/9/2022,401468319
nyk min 11/7/2022,401468308
det nyk 10/21/2022,401468178
wsh tor 3/26/2023,401469274
atl wsh 3/10/2023,401469154
atl wsh 3/8/2023,401469140
tor wsh 3/4/2023,401469111
tor wsh 3/2/2023,401469097
nyk wsh 2/24/2023,401469050
wsh min 2/16/2023,401469039
wsh por 2/14/2023,401469027
cha wsh 2/8/2023,401468978
wsh bkn 2/4/2023,401468948
por wsh 2/3/2023,401468942
wsh nyk 1/18/2023,401468824
nyk wsh 1/13/2023,401468789
nop wsh 1/9/2023,401468760
wsh mil 1/1/2023,401468703
wsh orl 12/30/2022,401468684
phx wsh 12/28/2022,401468671
wsh sac 12/23/2022,401468646
bkn wsh 12/12/2022,401468558
wsh cha 12/2/2022,401468481
wsh bkn 11/30/2022,401468470
min wsh 11/28/2022,401468455
cha wsh 11/20/2022,401468396
uta wsh 11/12/2022,401468340
wsh cha 11/7/2022,401468299
bkn wsh 11/4/2022,401468278
ind wsh 10/28/2022,401468229
det wsh 10/25/2022,401468207
chi wsh 10/21/2022,401468174
cha sac 12/19/2022,401468615
mil tor 1/4/2023,401468724
min mil 12/30/2022,401468688
gsw mil 12/13/2022,401468565
mil cha 12/3/2022,401468494
atl mil 11/14/2022,401468359
chi dal 4/7/2023,401469365
atl chi 4/4/2023,401469337
chi por 3/24/2023,401469259
min chi 3/17/2023,401469205
phx chi 3/3/2023,401469105
chi tor 2/28/2023,401469080
bkn chi 2/24/2023,401469055
chi ind 2/15/2023,401469029
chi bkn 2/9/2023,401468988
cha chi 2/2/2023,401468936
chi cha 1/26/2023,401468887
chi ind 1/24/2023,401468868
atl chi 1/23/2023,401468863
chi wsh 1/11/2023,401468774
bkn chi 1/4/2023,401468725
chi min 12/18/2022,401468604
nyk chi 12/14/2022,401468573
chi atl 12/21/2022,401468623
dal chi 12/10/2022,401468546
chi gsw 12/2/2022,401468491
chi phx 11/30/2022,401468476
chi uta 11/28/2022,401468461
chi nop 11/16/2022,401468372
den chi 11/13/2022,401468351
nop chi 11/9/2022,401468321
chi tor 11/6/2022,401468296
cha chi 11/2/2022,401468266
chi bkn 11/1/2022,401468258
ind chi 10/26/2022,401468216
orl phx 3/16/2023,401469201
phx dal 3/5/2023,401469117
phx cha 3/1/2023,401469088
sac phx 2/14/2023,401469025
phx bkn 2/7/2023,401468972
phx det 2/4/2023,401468949
cha phx 1/24/2023,401468873
bkn phx 1/19/2023,401468836
phx min 1/13/2023,401468792
phx den 1/11/2023,401468779
phx nyk 1/2/2023,401468705
phx tor 12/30/2022,401468686
phx den 12/25/2022,401468652
wsh phx 12/20/2022,401468619
nop phx 12/17/2022,401468599
phx hou 12/13/2022,401468566
phx nop 12/11/2022,401468550
phx nop 12/9/2022,401468539
phx sac 11/28/2022,401468462
uta phx 11/26/2022,401468444
det phx 11/25/2022,401468438
phx uta 11/18/2022,401468387
gsw phx 11/16/2022,401468375
phx min 11/9/2022,401468322
por phx 11/5/2022,401468294
por phx 11/4/2022,401468285
min phx 11/1/2022,401468261
hou phx 10/30/2022,401468249
nop phx 10/28/2022,401468234
phx por 10/21/2022,401468182
dal phx 10/19/2022,401468028
por chi 2/4/2023,401468951
uta chi 1/7/2023,401468747
chi nyk 12/23/2022,401468640
chi atl 12/11/2022,401468555
ind nyk 1/11/2023,401468777
nop ind 11/7/2022,401468302
det ind 10/22/2022,401468184
sas ind 10/21/2022,401468173
atl orl 11/30/2022,401468468
orl bkn 11/28/2022,401468457
nop min 4/9/2023,401469380
nyk nop 4/7/2023,401469364
sac nop 4/4/2023,401469340
nop gsw 3/28/2023,401469290
nop por 3/27/2023,401469282
sas nop 3/21/2023,401469235
nop hou 3/19/2023,401469222
nop hou 3/17/2023,401469206
lal nop 3/14/2023,401469185
por nop 3/12/2023,401469172
dal nop 3/8/2023,401469143
nop por 3/1/2023,401469096
orl nop 2/27/2023,401469077
nop nyk 2/25/2023,401469061
nop tor 2/23/2023,401469045
sas tor 2/8/2023,401468981
sas por 1/23/2023,401468866
min sas 4/8/2023,401469369
min bkn 4/4/2023,401469335
por min 4/2/2023,401469321
min gsw 3/26/2023,401469276
atl min 3/22/2023,401469245
min nyk 3/20/2023,401469228
min tor 3/18/2023,401469213
min atl 3/13/2023,401469176
bkn min 3/10/2023,401469156
min sac 3/4/2023,401469116
atl uta 2/3/2023,401468947
uta por 1/25/2023,401468882
cha uta 1/23/2023,401468865
uta min 1/16/2023,401468817
sac uta 1/3/2023,401468718
uta sas 12/26/2022,401468658
wsh uta 12/22/2022,401468633
uta det 12/20/2022,401468616
nop uta 12/15/2022,401468581
nop uta 12/13/2022,401468567
uta den 12/10/2022,401468548
min uta 12/9/2022,401468540
uta gsw 11/25/2022,401468439
uta den 10/28/2022,401468233
uta hou 10/24/2022,401468203
den uta 10/19/2022,401468027
den min 2/5/2023,401468961
gsw min 2/1/2023,401468929
sac min 1/30/2023,401468913
sac min 1/28/2023,401468901
min nop 1/25/2023,401468879
min hou 1/23/2023,401468864
hou min 1/21/2023,401468851
tor min 1/19/2023,401468835
min den 1/18/2023,401468831
min hou 1/8/2023,401468756
por min 1/4/2023,401468726
den min 1/2/2023,401468712
det min 12/31/2022,401468699
min por 12/12/2022,401468562
min por 12/10/2022,401468549
gsw min 11/27/2022,401468446
min cha 11/25/2022,401468427
hou min 11/5/2022,401468292
min sas 10/30/2022,401468247
uta min 10/21/2022,401468180
orl lal 3/19/2023,401469225
dal lal 3/17/2023,401469209
lal hou 3/15/2023,401469193
nyk lal 3/12/2023,401469174
tor lal 3/10/2023,401469158
lal por 2/13/2023,401469022
bkn lal 11/13/2022,401468353
atl nop 2/7/2023,401468973
sac nop 2/5/2023,401468962
nop dal 2/2/2023,401468937
nop den 1/31/2023,401468923
wsh nop 1/28/2023,401468902
den nop 1/24/2023,401468871
nop det 1/13/2023,401468787
nop dal 1/7/2023,401468748
bkn nop 1/6/2023,401468741
hou nop 1/4/2023,401468727
min nop 12/28/2022,401468675
sas nop 12/22/2022,401468632
det nop 12/7/2022,401468526
den nop 12/4/2022,401468499
nop sas 12/2/2022,401468488
nop mem 11/25/2022,401468434
nop sas 11/23/2022,401468424
hou nop 11/12/2022,401468346
por nop 11/10/2022,401468330
nop atl 11/5/2022,401468289
dal nop 10/25/2022,401468208
uta nop 10/23/2022,401468195
nop cha 10/21/2022,401468172
nop bkn 10/19/2022,401468021
nop sac 3/6/2023,401469131
min uta 2/8/2023,401468983
min den 2/7/2023,401468975
min det 1/11/2023,401468773
dal min 12/19/2022,401468611
atl cha 2/13/2023,401469012
orl cha 2/5/2023,401468957
cha det 2/3/2023,401468940
cha hou 1/18/2023,401468826
cha tor 1/12/2023,401468784
cha tor 1/10/2023,401468768
bkn cha 12/31/2022,401468694
cha por 12/26/2022,401468659
cha den 12/18/2022,401468605
atl cha 12/16/2022,401468583
det cha 12/14/2022,401468569
por cha 11/9/2022,401468314
bkn cha 11/5/2022,401468288
sac cha 10/31/2022,401468251
cha nyk 10/26/2022,401468213
cha atl 10/23/2022,401468193
cha sas 10/19/2022,401468026
cha nyk 3/7/2023,401469134
cha atl 1/21/2023,401468849
cha bkn 12/7/2022,401468519
den orl 2/9/2023,401468986
atl den 2/4/2023,401468956
den sac 12/28/2022,401468677
den sac 12/27/2022,401468669
wsh den 12/14/2022,401468577
den atl 12/2/2022,401468482
hou den 11/30/2022,401468475
hou den 11/28/2022,401468460
den por 10/24/2022,401468206
det por 1/2/2023,401468714
det atl 12/23/2022,401468636
bkn det 12/18/2022,401468602
dal det 12/1/2022,401468480
det uta 11/23/2022,401468425
det den 11/22/2022,401468413
det dal 1/30/2023,401468916
det bkn 1/26/2023,401468886
det nyk 11/11/2022,401468333
atl det 10/28/2022,401468225
atl det 10/26/2022,401468212
nyk det 1/15/2023,401468803
orl bkn 4/7/2023,401469362
uta bkn 4/2/2023,401469319
atl bkn 3/31/2023,401469308
hou bkn 3/29/2023,401469292
bkn orl 3/26/2023,401469273
sac bkn 3/16/2023,401469198
bkn hou 3/7/2023,401469136
bkn nyk 3/1/2023,401469092
bkn atl 2/26/2023,401469066
bkn nyk 2/13/2023,401469017
nyk bkn 1/28/2023,401468897
bkn uta 1/20/2023,401468844
bkn sas 1/17/2023,401468821
sas bkn 1/2/2023,401468710
bkn tor 12/16/2022,401468588
atl bkn 12/9/2022,401468535
tor bkn 12/2/2022,401468484
por bkn 11/27/2022,401468445
bkn tor 11/23/2022,401468421
bkn por 11/17/2022,401468376
bkn sac 11/15/2022,401468365
bkn dal 11/7/2022,401468310
gsw por 4/9/2023,401469385
por sas 4/6/2023,401469354
sac por 3/31/2023,401469314
sac por 3/29/2023,401469300
nyk por 3/14/2023,401469189
por atl 3/3/2023,401469102
hou por 2/26/2023,401469072
por sac 2/23/2023,401469049
sas gsw 11/14/2022,401468360
sac gsw 10/23/2022,401468197
den gsw 10/21/2022,401468181
hou nyk 3/27/2023,401469279
dal uta 2/6/2023,401468968
dal uta 1/28/2023,401468905
uta hou 1/5/2023,401468733
uta sac 12/30/2022,401468692
por uta 12/3/2022,401468498
uta por 11/19/2022,401468393
nyk uta 11/15/2022,401468363
uta atl 11/9/2022,401468317
uta dal 11/2/2022,401468270
hou uta 10/26/2022,401468218
por orl 3/5/2023,401469121
atl por 1/30/2023,401468918
tor por 1/28/2023,401468906
por den 1/17/2023,401468822
dal por 1/15/2023,401468809
dal por 1/14/2023,401468802
orl por 1/10/2023,401468771
por tor 1/8/2023,401468752
por den 12/23/2022,401468644
por hou 12/17/2022,401468596
por dal 12/16/2022,401468591
por sas 12/14/2022,401468575
den por 12/8/2022,401468531
sas por 11/15/2022,401468364
por dal 11/12/2022,401468345
por sac 10/19/2022,401468029
phx dal 12/5/2022,401468513
phx sas 12/4/2022,401468500
hou phx 12/2/2022,401468489
dal hou 1/2/2023,401468711
nyk hou 12/31/2022,401468696
hou dal 12/29/2022,401468683
dal hou 12/23/2022,401468642
phi bkn 4/9/2023,401469372
dal den 12/6/2022,401468517
den dal 11/20/2022,401468401
den dal 11/18/2022,401468385
nyk den 11/16/2022,401468374
den sas 11/7/2022,401468309
sas den 11/5/2022,401468293
ind atl 3/25/2023,401469262
hou ind 3/9/2023,401469148
ind dal 2/28/2023,401469084
ind orl 2/25/2023,401469060
uta ind 2/13/2023,401469014
ind sas 3/2/2023,401469099
wsh nyk 4/2/2023,401469323
nyk orl 3/23/2023,401469248
nyk sac 3/9/2023,401469152
nyk atl 2/15/2023,401469031
uta nyk 2/11/2023,401469006
nyk orl 2/7/2023,401468971
nyk tor 1/22/2023,401468855
tor nyk 1/16/2023,401468814
por nyk 11/25/2022,401468429
atl nyk 11/2/2022,401468265
sac wsh 3/18/2023,401469214
wsh atl 2/28/2023,401469078
wsh dal 1/24/2023,401468872
dal wsh 11/10/2022,401468327
gsw sac 4/7/2023,401469366
sas gsw 3/31/2023,401469313
wsh atl 4/5/2023,401469346
gsw dal 3/22/2023,401469241
gsw hou 3/20/2023,401469229
gsw atl 3/17/2023,401469203
tor gsw 1/27/2023,401468895
gsw sas 1/13/2023,401468790
gsw dal 11/29/2022,401468465
gsw hou 11/20/2022,401468400
gsw sac 11/13/2022,401468352
nyk dal 12/27/2022,401468667
tor nyk 12/21/2022,401468626
sac nyk 12/11/2022,401468552
nyk tor 1/6/2023,401468737
sas nyk 1/4/2023,401468723
nyk sas 12/29/2022,401468682
hou por 10/28/2022,401468235
sac uta 3/20/2023,401469231
sas uta 2/28/2023,401469085
sas uta 2/25/2023,401469064
uta tor 2/10/2023,401468994
atl sas 3/19/2023,401469220
sas dal 2/23/2023,401469046
sas atl 2/11/2023,401469005
sas min 10/26/2022,401468217
bkn atl 12/28/2022,401468672
dal bkn 10/27/2022,401468221
hou dal 11/16/2022,401468373
hou atl 10/19/2022,401468020
dal sac 2/11/2023,401469009
dal sac 2/10/2023,401468999
tor sac 1/25/2023,401468883
sac atl 11/23/2022,401468418
sac dal 4/5/2023,401469350
atl sac 1/4/2023,401468730
dal atl 4/2/2023,401469322
dal sas 3/15/2023,401469195
atl dal 1/18/2023,401468825
dal tor 11/26/2022,401468441
dal sas 12/31/2022,401468697
sas min 10/24/2022,401468205
tor atl 11/19/2022,401468390
atl hou 11/25/2022,401468433
atl tor 1/14/2023,401468799
dal min 12/21/2022,401468628
sas dal 4/9/2023,401469379
sas uta 10/11/2022,401474890
den okc 11/23/2022,401468423
den okc 11/3/2022,401468274
okc den 10/22/2022,401468190
okc uta 4/6/2023,401469355
okc gsw 4/4/2023,401469342
phx okc 4/2/2023,401469327
okc ind 3/31/2023,401469304
det okc 3/29/2023,401469297
cha okc 3/28/2023,401469289
okc por 3/26/2023,401469275
okc lal 3/24/2023,401469261
okc lac 3/23/2023,401469251
okc lac 3/21/2023,401469237
phx okc 3/19/2023,401469219
okc tor 3/16/2023,401469199
bkn okc 3/14/2023,401469186
okc sas 3/12/2023,401469173
okc nop 3/11/2023,401469166
okc phx 3/8/2023,401469145
gsw okc 3/7/2023,401469137
uta okc 3/5/2023,401469123
uta okc 3/3/2023,401469106
lal okc 3/1/2023,401469095
sac okc 2/28/2023,401469083
sac okc 2/26/2023,401469070
okc phx 2/24/2023,401469054
okc uta 2/23/2023,401469047
hou okc 2/15/2023,401469035
nop okc 2/13/2023,401469019
okc por 2/10/2023,401468998
okc lal 2/7/2023,401468976
okc gsw 2/6/2023,401468969
hou okc 2/4/2023,401468954
okc hou 2/1/2023,401468928
gsw okc 1/30/2023,401468914
cle okc 1/27/2023,401468894
atl okc 1/25/2023,401468880
okc den 1/22/2023,401468857
okc sac 1/20/2023,401468846
ind okc 1/18/2023,401468829
okc bkn 1/15/2023,401468806
okc chi 1/13/2023,401468791
okc phi 1/12/2023,401468781
okc mia 1/10/2023,401468766
dal okc 1/8/2023,401468757
wsh okc 1/6/2023,401468739
okc orl 1/4/2023,401468721
bos okc 1/3/2023,401468717
phi okc 12/31/2022,401468700
okc cha 12/29/2022,401468678
sas okc 12/27/2022,401468666
nop okc 12/23/2022,401468643
por okc 12/21/2022,401468629
min okc 12/16/2022,401468590
mia okc 12/14/2022,401468574
okc dal 12/12/2022,401468560
okc cle 12/10/2022,401468545
okc mem 12/7/2022,401468523
okc atl 12/5/2022,401468509
okc min 12/3/2022,401468496
sas okc 11/30/2022,401468474
okc nop 11/28/2022,401468459
okc hou 11/26/2022,401468442
chi okc 11/25/2022,401468436
nyk okc 11/21/2022,401468409
okc mem 11/18/2022,401468384
okc wsh 11/16/2022,401468368
okc bos 11/14/2022,401468356
okc nyk 11/13/2022,401468347
tor okc 11/11/2022,401468334
mil okc 11/9/2022,401468323
okc det 11/7/2022,401468301
okc mil 11/5/2022,401468291
orl okc 11/1/2022,401468260
min okc 10/23/2022,401468196
okc min 10/19/2022,401468025
lac uta 11/30/2022,401468477
lac okc 10/27/2022,401468222
lac okc 10/25/2022,401468209
por okc 12/19/2022,401468613
okc dal 10/29/2022,401468241
uta lal 4/9/2023,401469383
lal uta 4/4/2023,401469341
lac uta 1/18/2023,401468830
mia uta 12/31/2022,401468701
uta lac 11/21/2022,401468410
uta lac 11/6/2022,401468298
uta lal 11/4/2022,401468286
den uta 4/8/2023,401469368
uta mia 3/13/2023,401469177
mem okc 4/9/2023,401469381
mem okc 12/17/2022,401468598
okc sas 10/13/2022,401474901
min dal 2/13/2023,401469020
bos orl 1/23/2023,401468862
atl bos 4/9/2023,401469371
bos det 11/12/2022,401468341
chi mil 4/5/2023,401469348
sas mil 3/22/2023,401469244
mil sac 3/13/2023,401469181
mil wsh 3/5/2023,401469128
orl mil 3/1/2023,401469094
mil det 1/23/2023,401468861
mil cle 1/21/2023,401468850
mil cle 12/21/2022,401468621
mil hou 12/11/2022,401468556
sac mil 12/7/2022,401468524
mil orl 12/5/2022,401468508
cle mil 11/25/2022,401468435
chi mil 11/23/2022,401468422
det mil 10/31/2022,401468255
hou mil 10/22/2022,401468188
cha cle 4/9/2023,401469373
hou cha 4/7/2023,401469357
chi cha 3/31/2023,401469303
sas wsh 3/24/2023,401469253
wsh orl 3/21/2023,401469232
wsh det 3/7/2023,401526670
cle wsh 2/6/2023,401468964
wsh sas 1/30/2023,401468915
wsh chi 12/7/2022,401468522
wsh mia 11/25/2022,401468432
cle orl 4/6/2023,401469352
cle orl 4/4/2023,401469333
det cle 3/4/2023,401469112
cle atl 2/24/2023,401469051
det cle 2/8/2023,401468977
mem cle 2/2/2023,401468934
cle hou 1/26/2023,401468888
cle mem 1/18/2023,401468827
chi cle 1/2/2023,401468707
cle chi 12/31/2022,401468695
cle sas 12/12/2022,401468561
sac cle 12/9/2022,401468536
orl cle 12/2/2022,401468485
mia cle 11/20/2022,401468399
cle mil 11/16/2022,401468371
cle det 11/4/2022,401468275
cle chi 10/22/2022,401468187
orl sac 1/9/2023,401468765
mem orl 1/5/2023,401468731
orl det 12/28/2022,401468670
sas orl 12/23/2022,401468634
orl hou 12/21/2022,401468627
orl chi 11/18/2022,401468382
hou orl 11/7/2022,401468300
gsw orl 11/3/2022,401468273
orl cle 10/26/2022,401468211
orl det 10/19/2022,401468018
det chi 4/9/2023,401469378
mem chi 4/2/2023,401469320
sac chi 3/15/2023,401469192
chi hou 3/11/2023,401469164
chi det 3/1/2023,401469089
wsh chi 2/26/2023,401469067
mem mil 4/7/2023,401469363
hou mem 3/24/2023,401469255
hou mem 3/22/2023,401469243
mem sas 3/17/2023,401469207
mem sac 1/23/2023,401468867
sac mem 1/1/2023,401468702
hou wsh 4/9/2023,401469377
det hou 3/31/2023,401469310
sas hou 3/5/2023,401469122
hou sas 3/4/2023,401469114
mem hou 3/1/2023,401469093
sac hou 2/8/2023,401468982
sac hou 2/6/2023,401468967
hou det 1/28/2023,401468898
wsh hou 1/25/2023,401468877
hou sac 1/13/2023,401468795
hou sac 1/11/2023,401468780
hou chi 12/26/2022,401468656
sas hou 12/19/2022,401468610
mia hou 12/15/2022,401468579
hou sas 12/8/2022,401468530
mem hou 10/21/2022,401468179
mil mem 12/15/2022,401468580
mil sas 11/11/2022,401468335
sas chi 2/6/2023,401468966
sac sas 2/1/2023,401468930
sac sas 1/15/2023,401468807
sas mem 1/11/2023,401468778
sas mem 1/9/2023,401468763
det sas 1/6/2023,401468740
mia sas 12/17/2022,401468594
sas sac 11/17/2022,401468377
mem sas 11/9/2022,401468324
chi sas 10/28/2022,401468232
mil det 3/27/2023,401469277
mil orl 3/7/2023,401469133
mil chi 12/28/2022,401468674
chi cle 2/11/2023,401469007
chi mem 2/7/2023,401468974
chi orl 1/28/2023,401468899
det chi 1/19/2023,401468833
det chi 12/30/2022,401468687
chi mia 12/20/2022,401468617
chi sac 12/4/2022,401468505
phx sac 3/24/2023,401469260
orl chi 2/13/2023,401469018
sas cle 2/13/2023,401469013
cle sac 11/9/2022,401468326
cle det 11/27/2022,401468450
sac gsw 11/7/2022,401468311
gsw det 10/30/2022,401468246
sas mia 12/10/2022,401468542
det mia 12/6/2022,401468516
det orl 2/23/2023,401469043
sas det 2/10/2023,401468990
chi det 1/19/2023,401468833
sac det 12/16/2022,401468584
det mem 12/9/2022,401468538
mem det 12/4/2022,401468502
det sac 11/20/2022,401468397
det orl 4/2/2023,401469324
orl wsh 3/31/2023,401469306
mem det 10/13/2022,401474900
okc det 10/11/2022,401474887
det nyk 10/4/2022,401474854
min sac 3/27/2023,401469283
sas sac 4/2/2023,401469325
orl sas 3/14/2023,401469187
sac orl 11/5/2022,401468287
lac phi 4/9/2023,401469372
phi lal 4/7/2023,401584883
phx cle 11/30/2022,401359912
phx orl 11/27/2022,401468332
sac mem 11/22/2022,401468412
mem sac 10/27/2022,401468224
lac sac 2/6/2023,401469057
orl mem 3/28/2023,401469288
mem mil 10/1/2022,401474843
sac ind 12/10/2022,401451034
cle lal 01/24/2024,401585755
cha det 01/24/2024,401585247
gsw min 01/24/2024,401585659
mem mia 01/24/2024,401585249
phx dal 01/24/2024,401585253
okc sas 01/24/2024,401585250
atl gsw 01/24/2024,401585254
phi ind 01/25/2024,401585255
cle mil 1/24/2024,401585252
cha det 1/24/2024,401585247
min wsh 1/24/2024,401585248
okc sas 1/24/2024,401585250
por hou 1/24/2024,401585251
atl gsw 1/24/2024,401585254
phx dal 1/24/2024,401585253
mem mia 1/24/2024,401585249
cha mia 10/29/2021,401359897
ind cha 10/20/2021,401359833
cle bkn 11/17/2021,401360040
atl bkn 11/3/2021,401359937
atl nop 10/27/2021,401359883
nop chi 10/22/2021,401359847
orl cha 1/14/2022,401360451
mil mia 10/21/2021,401359842
sas nop 3/26/2022,401360926
sas gsw 3/20/2022,401360889
lal sas 3/7/2022,401360792
lal gsw 4/7/2022,401361021
gsw atl 3/25/2022,401360921
gsw lal 3/5/2022,401360778
den gsw 2/16/2022,401360702
lal gsw 2/12/2022,401360673
gsw okc 2/7/2022,401360632
min gsw 1/27/2022,401360553
gsw chi 1/14/2022,401360456
mia gsw 1/3/2022,401360378
den gsw 12/28/2021,401360333
gsw cle 11/18/2021,401360048
chi gsw 11/12/2021,401360007
okc gsw 10/30/2021,401359910
gsw okc 10/26/2021,401359875
gsw sac 10/24/2021,401359863
gsw lal 10/19/2021,401358774
gsw nop 4/10/2022,401361044
mia nop 2/10/2022,401360652
cle nop 12/28/2021,401360332
lal chi 12/19/2021,401360272
chi mia 12/11/2021,401360218
den chi 12/6/2021,401360181
mia chi 11/27/2021,401360120
chi den 11/19/2021,401360060
chi lal 11/15/2021,401360033
mia chi 4/2/2022,401360983
chi nop 3/24/2022,401360917
cle chi 1/19/2022,401360492
ind min 11/29/2021,401360133
lal ind 11/24/2021,401360092
ind sac 11/7/2021,401359967
chi atl 3/3/2022,401360529
chi mia 2/28/2022,401360741
atl chi 2/24/2022,401360710
okc chi 2/12/2022,401360671
chi wsh 1/1/2022,401360360
atl chi 12/29/2021,401360338
chi atl 12/27/2021,401360321
chi okc 1/24/2022,401360549
wsh cle 2/26/2022,401360726
cle atl 2/15/2022,401360686
sac cle 12/11/2021,401360217
atl cle 10/23/2021,401359851
okc sac 2/5/2022,401360620
min okc 1/7/2022,401360406
okc sac 12/28/2021,401360334
den okc 12/22/2021,401360298
okc atl 11/22/2021,401360079
mia okc 11/15/2021,401360031
sac okc 11/12/2021,401360004
okc lal 11/4/2021,401359947
lal okc 10/27/2021,401359885
min sac 2/9/2022,401360649
sac gsw 2/3/2022,401360604
atl sac 1/5/2022,401360396
sac lal 1/4/2022,401360385
mia sac 1/2/2022,401360367
mem sac 12/26/2021,401360315
lal sac 11/30/2021,401360142
sac lal 11/26/2021,401360115
gsw mia 3/23/2022,401360907
okc mia 3/18/2022,401360867
min mia 3/12/2022,401360824
lal mia 1/23/2022,401360519
mia atl 1/21/2022,401360506
atl mia 1/14/2022,401360455
mia atl 1/12/2022,401360440
orl mia 12/26/2021,401360312
mia orl 12/17/2021,401360257
den mia 11/29/2021,401360130
wsh mia 11/18/2021,401360049
sac mil 2/15/2022,401360862
min sac 2/13/2022,401360649
cle sac 2/11/2022,401584819
lal sac 10/14/2021,401365949
sac lac 10/6/2021,401365912
phx sac 10/4/2021,401365900
atl wsh 3/4/2022,401360767
lal atl 1/30/2022,401360570
atl lal 1/7/2022,401360408
den atl 12/17/2021,401360258
atl orl 12/15/2021,401360242
atl min 12/6/2021,401360183
atl den 11/12/2021,401360006
atl gsw 11/8/2021,401359976
atl wsh 10/28/2021,401359890
den lal 4/3/2022,401360987
okc den 3/26/2022,401360932
gsw den 3/10/2022,401360813
gsw den 3/7/2022,401401144
nop den 3/6/2022,401360786
okc den 3/2/2022,401360757
nop den 2/4/2022,401360613
lal den 1/15/2022,401360468
den okc 1/9/2022,401360420
mia den 11/8/2021,401359975
lal okc 12/10/2021,401360213
okc min 3/9/2022,401360805
orl atl 12/22/2021,401360294
lal den 4/10/2022,401361039
nop lal 2/27/2022,401360738
lal cha 1/28/2022,401360554
mia lal 11/10/2021,401359994
lal mem 12/29/2021,401360339
okc lal 4/8/2022,401361030
lal nop 3/27/2022,401360938
lal hou 12/28/2021,401360330
det atl 10/14/2021,401359867
cha det 10/11/2021,401584705
det sas 10/8/2021,401365906
nop lal 4/1/2022,401360979
tor wsh 10/12/2021,401365937
nyk wsh 10/9/2021,401365924
wsh hou 10/5/2021,401365904
cle phi 01/25/2024,401585433
min bkn 01/25/2024,401585257
sac gsw 01/25/2024,401585260
chi lal 01/25/2024,401585261
chi lal 1/25/2024,401585261
chi lal 01/26/2024,401585261
dal atl 01/26/2024,401585262
phi ind 1/25/2024,401585255
hou cha 01/26/2024,401585263
phx ind 01/26/2024,401585264
lac tor 01/26/2024,401585265
orl mem 01/26/2024,401585266
cle mil 01/26/2024,401585267
okc nop 01/26/2024,401585268
por sas 01/26/2024,401585269
dal atl 1/26/2024,401585262
sac dal 01/27/2024,401585279
chi por 01/28/2024,401585284
por sas 1/26/2024,401585269
chi por 1/28/2024,401585284
chi por 01/29/2024,401585284
mia nyk 1/27/2024,401585271
den nyk 1/25/2024,401585259
hou cha 1/26/2024,401585263
uta cha 1/27/2024,401585275
lac bos 1/27/2024,401585274
lac tor 1/26/2024,401585265
cle mil 1/26/2024,401585267
nop mil 1/27/2024,401585276
okc nop 1/26/2024,401585268
bos mia 1/25/2024,401585258
uta wsh 1/25/2024,401585256
hou bkn 1/27/2024,401585273
min bkn 1/25/2024,401585257
phx orl 1/28/2024,401585283
phx ind 1/26/2024,401585264
bos cha 1/25/2024,401468811
lal gsw 1/27/2024,401585278
sac dal 1/27/2024,401585279
sac gsw 1/25/2024,401585260
mem ind 1/28/2024,401585280
orl mem 1/26/2024,401585266
min sas 1/27/2024,401585277
okc det 1/28/2024,401585282
wsh det 1/27/2024,401585270
phi den 1/27/2024,401585272
nyk cha 01/29/2024,401585285
lac cle 01/29/2024,401585286
nop bos 01/29/2024,401585287
uta bkn 01/29/2024,401585288
phx mia 01/29/2024,401585289
lal hou 01/29/2024,401585290
sac mem 01/29/2024,401585291
min okc 01/29/2024,401585292
wsh sas 01/29/2024,401585222
orl dal 01/29/2024,401585294
mil den 01/29/2024,401585295
phi por 01/29/2024,401585296
phi por 1/29/2024,401585296
phi por 01/30/2024,401585296
lal hou 1/29/2024,401585290
tor atl 1/28/2024,401585281
nop bos 1/29/2024,401585287
uta bkn 1/29/2024,401585288
nyk cha 1/29/2024,401585285
lal atl 01/30/2024,401585297
ind bos 01/30/2024,401585298
uta nyk 01/30/2024,401585299
tor chi 01/30/2024,401585300
phi gsw 01/30/2024,401585301
uta nyk 01/31/2024,401585299
chi cha 01/31/2024,401585302
det cle 01/31/2024,401585303
lac wsh 01/31/2024,401585304
sac mia 01/31/2024,401585306
nop hou 01/31/2024,401585307
dal min 01/31/2024,401585308
orl sas 01/31/2024,401585309
den okc 01/31/2024,401585310
phx bkn 01/31/2024,401585305
mil por 01/31/2024,401585311
tor chi 1/30/2024,401585300
lac cle 1/29/2024,401585286
wsh sas 1/29/2024,401585293
sac mem 1/29/2024,401585291
phx mia 1/29/2024,401585289
orl dal 1/29/2024,401585294
min okc 1/29/2024,401585292
mil den 1/29/2024,401585295
lal atl 1/30/2024,401585297
ind bos 1/30/2024,401585298
lal bos 02/01/2024,401585312
uta nyk 1/30/2024,401585299
det cle 1/31/2024,401585303
phi gsw 1/30/2024,401585301
ind nyk 02/01/2024,401585313
cle mem 02/01/2024,401585315
phi uta 02/01/2024,401585314
cle mem 02/02/2024,401585315
lac wsh 1/31/2024,401585304
lac det 02/02/2024,401585316
sac mia 1/31/2024,401585306
phx bkn 1/31/2024,401585305
ind nyk 2/1/2024,401585313
nop hou 1/31/2024,401585307
cle mem 2/1/2024,401585315
orl sas 1/31/2024,401585309
dal min 1/31/2024,401585308
chi cha 1/31/2024,401585302
den okc 1/31/2024,401585310
mil por 1/31/2024,401585311
mia wsh 02/02/2024,401585317
phx atl 02/02/2024,401585318
sac ind 02/02/2024,401585319
tor hou 02/02/2024,401585320
gsw mem 02/02/2024,401585321
orl min 02/02/2024,401585322
cha okc 02/02/2024,401585323
nop sas 02/02/2024,401585324
por den 02/02/2024,401585325
cle wsh 2/1/2024,401585448
por den 02/03/2024,401585325
phi uta 2/1/2024,401585314
bkn phi 02/03/2024,401585326
gsw mem 2/2/2024,401585321
phx atl 2/2/2024,401585318
sac ind 2/2/2024,401585319
lal bos 2/1/2024,401585312
nop sas 2/2/2024,401585324
gsw atl 02/03/2024,401585327
sac chi 02/03/2024,401585328
lal nyk 02/03/2024,401585329
mil dal 02/03/2024,401585330
cle sas 02/03/2024,401585331
orl min 2/2/2024,401585322
lac det 2/2/2024,401585316
mia wsh 2/2/2024,401585317
cha okc 2/2/2024,401585323
tor hou 2/2/2024,401585320
mil dal 2/3/2024,401585330
por den 2/2/2024,401585325
orl det 02/04/2024,401585332
phx wsh 02/04/2024,401585333
mem bos 02/04/2024,401585334
ind cha 02/04/2024,401585335
lac mia 02/04/2024,401585336
hou min 02/04/2024,401585337
tor okc 02/04/2024,401585338
mil uta 02/04/2024,401585339
por den 02/04/2024,401585340
lal nyk 2/3/2024,401585329
ind cha 2/4/2024,401585335
lal cha 02/05/2024,401585341
sac chi 2/3/2024,401585328
cle sas 2/3/2024,401585331
sac cle 02/05/2024,401585342
lac mia 2/4/2024,401585336
gsw atl 2/3/2024,401585327
bkn phi 2/3/2024,401585326
tor okc 2/4/2024,401585338
lac atl 02/05/2024,401585344
gsw bkn 02/05/2024,401585345
tor nop 02/05/2024,401585346
tor nop 02/06/2024,401585346
hou min 2/4/2024,401585337
hou ind 02/06/2024,401585347
dal phi 2/5/2024,401585343
gsw bkn 2/5/2024,401585345
dal bkn 02/06/2024,401585348
orl det 2/4/2024,401585332
mem bos 2/4/2024,401585334
orl mia 02/06/2024,401585349
mem nyk 02/06/2024,401585350
mil uta 2/4/2024,401585339
phx wsh 2/4/2024,401585333
min chi 02/06/2024,401585351
okc uta 02/06/2024,401585352
mil phx 02/06/2024,401585353
hou ind 02/07/2024,401585347
tor cha 02/07/2024,401585354
cle wsh 02/07/2024,401585356
gsw phi 02/07/2024,401585355
atl bos 02/07/2024,401585357
sas mia 02/07/2024,401585358
nop lac 02/07/2024,401585359
det sac 02/07/2024,401585360
gsw phi 2/7/2024,401585355
hou ind 2/6/2024,401585347
sas mia 2/7/2024,401585358
orl mia 2/6/2024,401585349
cle wsh 2/7/2024,401585356
sac cle 2/5/2024,401585342
dal bkn 2/6/2024,401585348
mem nyk 2/6/2024,401585350
min chi 2/6/2024,401585351
mil phx 2/6/2024,401585353
okc uta 2/6/2024,401585352
por den 2/4/2024,401585340
lal cha 2/5/2024,401585341
det sac 2/7/2024,401585360
gsw ind 02/08/2024,401585361
sas orl 02/08/2024,401585362
cle bkn 02/08/2024,401585363
dal nyk 02/08/2024,401585364
chi mem 02/08/2024,401585365
min mil 02/08/2024,401585366
uta phx 02/08/2024,401585367
den lal 02/08/2024,401585368
det por 02/08/2024,401585369
atl bos 2/7/2024,401585357
lac atl 2/5/2024,401585344
tor cha 2/7/2024,401585354
tor nop 2/5/2024,401585346
min mil 2/8/2024,401585366
den lal 2/8/2024,401585368
nop lac 2/7/2024,401585359
atl phi 02/09/2024,401585370
wsh bos 02/09/2024,401585371
hou tor 02/09/2024,401585372
cha mil 02/09/2024,401585373
den sac 02/09/2024,401585374
nop lal 02/09/2024,401585375
